{"products":[{"id":"0.558673316244021","qty":3}],"totalPrice":62.969999999999985}